[
    {
      "constant": true,
      "inputs": [
        {
          "internalType": "address",
          "name": "_owner",
          "type": "address"
        },
        {
          "internalType": "uint256",
          "name": "_id",
          "type": "uint256"
        }
      ],
      "name": "balanceOf",
      "outputs": [
        {
          "internalType": "uint256",
          "name": "",
          "type": "uint256"
        }
      ],
      "payable": false,
      "stateMutability": "view",
      "type": "function"
    },
    {
      "constant": true,
      "inputs": [
        {
          "internalType": "uint256",
          "name": "_id",
          "type": "uint256"
        }
      ],
      "name": "uri",
      "outputs": [
        {
          "internalType": "string",
          "name": "",
          "type": "string"
        }
      ],
      "payable": false,
      "stateMutability": "view",
      "type": "function"
    }
  ]