[
  {
    "type": "event",
    "name": "OwnershipTransferred",
    "inputs": [
      { "type": "address", "name": "previousOwner", "internalType": "address", "indexed": true },
      { "type": "address", "name": "newOwner", "internalType": "address", "indexed": true }
    ],
    "anonymous": false
  },
  {
    "type": "function",
    "stateMutability": "view",
    "outputs": [{ "type": "uint256", "name": "", "internalType": "uint256" }],
    "name": "distAmount",
    "inputs": []
  },
  { "type": "function", "stateMutability": "nonpayable", "outputs": [], "name": "distribute", "inputs": [] },
  { "type": "function", "stateMutability": "nonpayable", "outputs": [], "name": "emergencyWithdraw", "inputs": [] },
  {
    "type": "function",
    "stateMutability": "view",
    "outputs": [{ "type": "uint256", "name": "", "internalType": "uint256" }],
    "name": "lastDistribution",
    "inputs": []
  },
  {
    "type": "function",
    "stateMutability": "view",
    "outputs": [{ "type": "address", "name": "", "internalType": "address" }],
    "name": "multiStaking",
    "inputs": []
  },
  {
    "type": "function",
    "stateMutability": "view",
    "outputs": [{ "type": "uint256", "name": "", "internalType": "uint256" }],
    "name": "nextDistribution",
    "inputs": []
  },
  {
    "type": "function",
    "stateMutability": "view",
    "outputs": [{ "type": "address", "name": "", "internalType": "address" }],
    "name": "oracleToken",
    "inputs": []
  },
  {
    "type": "function",
    "stateMutability": "view",
    "outputs": [{ "type": "address", "name": "", "internalType": "address" }],
    "name": "owner",
    "inputs": []
  },
  { "type": "function", "stateMutability": "nonpayable", "outputs": [], "name": "renounceOwnership", "inputs": [] },
  {
    "type": "function",
    "stateMutability": "nonpayable",
    "outputs": [],
    "name": "setDistAmount",
    "inputs": [{ "type": "uint256", "name": "_distAmount", "internalType": "uint256" }]
  },
  {
    "type": "function",
    "stateMutability": "nonpayable",
    "outputs": [],
    "name": "setMultiStaking",
    "inputs": [{ "type": "address", "name": "_multiStaking", "internalType": "address" }]
  },
  {
    "type": "function",
    "stateMutability": "nonpayable",
    "outputs": [],
    "name": "setOracleToken",
    "inputs": [{ "type": "address", "name": "_oracleToken", "internalType": "address" }]
  },
  {
    "type": "function",
    "stateMutability": "nonpayable",
    "outputs": [],
    "name": "setTimeInterval",
    "inputs": [{ "type": "uint256", "name": "_timeInterval", "internalType": "uint256" }]
  },
  {
    "type": "function",
    "stateMutability": "view",
    "outputs": [{ "type": "uint256", "name": "", "internalType": "uint256" }],
    "name": "timeInterval",
    "inputs": []
  },
  {
    "type": "function",
    "stateMutability": "nonpayable",
    "outputs": [],
    "name": "transferOwnership",
    "inputs": [{ "type": "address", "name": "newOwner", "internalType": "address" }]
  }
]
